Constituency No.,Constituency Name,District,Alliance,Party,Candidate Name
1,Manjeshwaram,Kasaragod,LDF,CPI(M),K. R. Jayananda
1,Manjeshwaram,Kasaragod,UDF,IUML,A. K. M. Ashraf
1,Manjeshwaram,Kasaragod,NDA,BJP,K. Surendran
1,Manjeshwaram,Kasaragod,others,,Abdul Latheef I
1,Manjeshwaram,Kasaragod,others,,D Surendran Nair
1,Manjeshwaram,Kasaragod,others,,Gean Lavina Monteiro
1,Manjeshwaram,Kasaragod,others,,John D' Souza
1,Manjeshwaram,Kasaragod,others,,Kannur Abdulla Master
1,Manjeshwaram,Kasaragod,others,,Mohammed Ashraf
1,Manjeshwaram,Kasaragod,others,,Mohammed Ashraf K A
1,Manjeshwaram,Kasaragod,others,BSP,Sanjeeva
2,Kasaragod,Kasaragod,LDF,Independent (INL Support),Shanavas Padhoor
2,Kasaragod,Kasaragod,UDF,IUML,Kallatra Mahin Haji
2,Kasaragod,Kasaragod,NDA,BJP,Ashwini M.L.
2,Kasaragod,Kasaragod,others,,Mohammed Ali Fathah B M
2,Kasaragod,Kasaragod,others,,Shanavas A A
4,Uduma,Kasaragod,LDF,CPI(M),C. H. Kunhambu
4,Uduma,Kasaragod,UDF,INC,Neelakantan
4,Uduma,Kasaragod,NDA,BJP,Manulal Meloth
4,Uduma,Kasaragod,others,,Kunhampu P P S/o Raman
4,Uduma,Kasaragod,others,,Kunhiraman
4,Uduma,Kasaragod,others,,Naseer
5,Kanhangad,Kasaragod,LDF,CPI,Govindan Pallikkappil
5,Kanhangad,Kasaragod,UDF,KEC,Shyji Ottapalli
5,Kanhangad,Kasaragod,NDA,BJP,M. Balraj
5,Kanhangad,Kasaragod,others,BSP,B. Vijayakumar
6,Trikaripur,Kasaragod,LDF,CPI(M),V. P. P. Mustafa
6,Trikaripur,Kasaragod,UDF,INC,Sandeep Varier
6,Trikaripur,Kasaragod,NDA,TTP,Ravi Kulangara
6,Trikaripur,Kasaragod,others,,Musthafa P P
6,Trikaripur,Kasaragod,others,,Musthafa V P
6,Trikaripur,Kasaragod,others,,Sandeep Elatt
7,Payyannur,Kannur,LDF,CPI(M),T. I. Madhusoodanan
7,Payyannur,Kannur,UDF,Independent (RSP support),V. Kunjikrishnan
7,Payyannur,Kannur,NDA,BJP,A. P. Gangadharan
7,Payyannur,Kannur,others,,Sandeep V. K.
8,Kalliasseri,Kannur,LDF,CPI(M),M. Vijin
8,Kalliasseri,Kannur,UDF,INC,Adv. Rajeevan Kappacheri
8,Kalliasseri,Kannur,NDA,BJP,A.V. Sanil Kumar
8,Kalliasseri,Kannur,others,SDPI,K.K. Abdul Jabbar
8,Kalliasseri,Kannur,others,,Rajeevan Kannoth S/o Kammaran
9,Thalassery,Kannur,LDF,CPI(M),Karayi Rajan
9,Thalassery,Kannur,UDF,INC,K. P. Saju
9,Thalassery,Kannur,NDA,BJP,O. Nidheesh
9,Thalassery,Kannur,others,SDPI,A.C. Jalaluddin
9,Thalassery,Kannur,others,,Rajan O P
9,Thalassery,Kannur,others,,V. P. Rajan
9,Thalassery,Kannur,others,,Saju V P
10,Kuthuparamba,Kannur,LDF,RJD,P. K. Praveen
10,Kuthuparamba,Kannur,UDF,IUML,Jayanthi Rajan
10,Kuthuparamba,Kannur,NDA,BJP,Adv. Shijilal
10,Kuthuparamba,Kannur,others,AAP,Rafeed AP
10,Kuthuparamba,Kannur,others,,M. Shylaja
10,Kuthuparamba,Kannur,others,,Jayanthi
10,Kuthuparamba,Kannur,others,,K. P. Mohanan
10,Kuthuparamba,Kannur,others,,Praveen Kumar
10,Kuthuparamba,Kannur,others,,Shahul Hameed
11,Mattannur,Kannur,LDF,CPI(M),V. K. Sanoj
11,Mattannur,Kannur,UDF,INC,Chandran Thillankeri
11,Mattannur,Kannur,NDA,BJP,Biju Elakkuzhi
11,Mattannur,Kannur,others,SDPI,Basheer Punnad
11,Mattannur,Kannur,others,,Chandran Thengalath
11,Mattannur,Kannur,others,,Sanoj
12,Peravoor,Kannur,LDF,CPI(M),K. K. Shailaja
12,Peravoor,Kannur,UDF,INC,Sunny Joseph
12,Peravoor,Kannur,NDA,BDJS,Paily Vathiatt
12,Peravoor,Kannur,others,AAP,Adv. Henstion George
12,Peravoor,Kannur,others,,Sunny
12,Peravoor,Kannur,others,,Sunny Joseph Muthukulathel
12,Peravoor,Kannur,others,,Venugopalan. C
12,Peravoor,Kannur,others,CPIML Red Star,Aruvikkal Krishnan
12,Peravoor,Kannur,others,,C. Shylaja
12,Peravoor,Kannur,others,,Narayana Kumar
12,Peravoor,Kannur,others,,Sailaja. A. V
13,Kannur,Kannur,LDF,Congress (Secular),Kadannappalli Ramachandran
13,Kannur,Kannur,UDF,INC,Adv. T. O. Mohanan
13,Kannur,Kannur,NDA,BJP,C. Raghunath
13,Kannur,Kannur,others,BJKP,Suresh Kumar
13,Kannur,Kannur,others,,T.K. Mohanan
13,Kannur,Kannur,others,SUCI,M.K. Shahazad
13,Kannur,Kannur,others,,Ramachandran Kuniyil
14,Dharmadom,Kannur,LDF,CPI(M),Pinarayi Vijayan
14,Dharmadom,Kannur,UDF,INC,Abdul Rasheed V P
14,Dharmadom,Kannur,NDA,BJP,K. Ranjith
14,Dharmadom,Kannur,others,,Vadi Hareendran
14,Dharmadom,Kannur,others,,Vijayan A.M S/o Kunhiraman
15,Thalipparamba,Kannur,LDF,CPI(M),P. K. Shyamala
15,Thalipparamba,Kannur,UDF,Independent (INC Support),T. K. Govindan
15,Thalipparamba,Kannur,NDA,BJP,N. Haridas
15,Thalipparamba,Kannur,others,AAP,Anappally Gopalan
15,Thalipparamba,Kannur,others,,Shyamala P
15,Thalipparamba,Kannur,others,,T K Govindan Master
15,Thalipparamba,Kannur,others,,Abdul Salam K P
15,Thalipparamba,Kannur,others,,C Balakrishnan Yadav
15,Thalipparamba,Kannur,others,,Khamaruddeen C V
15,Thalipparamba,Kannur,others,,Koyyam Janardhanan
16,Irikkur,Kannur,LDF,Kerala Congress (M),Mathew Kunnappally
16,Irikkur,Kannur,UDF,INC,Sajeev Joseph
16,Irikkur,Kannur,NDA,TTP,Sreenath Padmanabhan
16,Irikkur,Kannur,others,AAP,Joseph P.V
16,Irikkur,Kannur,others,SDPI,M. J. Mathew
16,Irikkur,Kannur,others,,Amal K T
17,Azhikode,Kannur,LDF,CPI(M),K. V. Sumesh
17,Azhikode,Kannur,UDF,IUML,Kareem Cheleri
17,Azhikode,Kannur,NDA,BJP,K. K. Vinod Kumar
17,Azhikode,Kannur,others,,Sumesh Kumar. K
17,Azhikode,Kannur,others,,Sumesh. T. P
17,Azhikode,Kannur,others,,Abdul Kareem. V. V
17,Azhikode,Kannur,others,,Kareem Chandroth
17,Azhikode,Kannur,others,SUCI,Reshmi Ravi
19,Vatakara,Kozhikode,LDF,RJD,M. K. Bhaskaran
19,Vatakara,Kozhikode,UDF,RMPI,K. K. Rema
19,Vatakara,Kozhikode,NDA,BJP,K. Dileep
19,Vatakara,Kozhikode,others,,Bhaskaran K K S/o Kelappan
19,Vatakara,Kozhikode,others,,Ramakrishnan Vattakandi
19,Vatakara,Kozhikode,others,,Rama T P W/o Ashokan P K
19,Vatakara,Kozhikode,others,,Rama W/o Vijayan
19,Vatakara,Kozhikode,others,SDPI,Shamseer Chombala
20,Nadapuram,Kozhikode,LDF,CPI,P. Vasantham
20,Nadapuram,Kozhikode,UDF,INC,K. M. Abhijith
20,Nadapuram,Kozhikode,NDA,BJP,C. P. Vipin Chandran
20,Nadapuram,Kozhikode,others,,K. M. Abhijith
20,Nadapuram,Kozhikode,others,,Vasantha
20,Nadapuram,Kozhikode,others,,Abhijeeth
20,Nadapuram,Kozhikode,others,,Padmakumar
21,Koyilandy,Kozhikode,LDF,CPI(M),K. Dasan
21,Koyilandy,Kozhikode,UDF,INC,K. Praveen Kumar
21,Koyilandy,Kozhikode,NDA,BJP,C. R. Praphul Krishnan
21,Koyilandy,Kozhikode,others,AAP,Musthafa PK (Padinjare Kuniyoth)
21,Koyilandy,Kozhikode,others,,Dasan
21,Koyilandy,Kozhikode,others,,Praveen
21,Koyilandy,Kozhikode,others,,Praveen Kumar
22,Perambra,Kozhikode,LDF,CPI(M),T. P. Ramakrishnan
22,Perambra,Kozhikode,UDF,IUML,Fathima Thahiliya
22,Perambra,Kozhikode,NDA,BJP,M. Mohanan Master
22,Perambra,Kozhikode,others,AAP,Ranjith Malayil
22,Perambra,Kozhikode,others,,T.M Ramakrishnan
22,Perambra,Kozhikode,others,CPIML Red Star,Akhil Kumar A.M
22,Perambra,Kozhikode,others,,Fathima Nasri.V
22,Perambra,Kozhikode,others,,Fathimathu Ruksana.P
22,Perambra,Kozhikode,others,,K. Ramakrishnan
22,Perambra,Kozhikode,others,,P.K Biju Master
23,Balussery,Kozhikode,LDF,CPI(M),K. M. Sachindev
23,Balussery,Kozhikode,UDF,INC,V. T. Sooraj
23,Balussery,Kozhikode,NDA,BJP,C. P. Sateeshan
23,Balussery,Kozhikode,others,,Sooraj K S/o Asokan
23,Balussery,Kozhikode,others,,Abhijeeth
24,Elathur,Kozhikode,LDF,NCP(SP),A. K. Saseendran
24,Elathur,Kozhikode,UDF,INC,Vidya Balakrishnan
24,Elathur,Kozhikode,NDA,BJP,T. Devadas
24,Elathur,Kozhikode,others,AAP,Abdul Basith Atholi
24,Elathur,Kozhikode,others,,V.K.Saseendran
24,Elathur,Kozhikode,others,,Adv.Sumin.S.Nedungadan
24,Elathur,Kozhikode,others,NCP,P.K.Saseendran
24,Elathur,Kozhikode,others,SUCI,P.M.Sreekumar
25,Kozhikode North,Kozhikode,LDF,CPI(M),Thottathil Ravindran
25,Kozhikode North,Kozhikode,UDF,INC,K. Jayanth
25,Kozhikode North,Kozhikode,NDA,BJP,Navya Haridas
25,Kozhikode North,Kozhikode,others,AAP,Dr. Alphonsa Mathew
25,Kozhikode North,Kozhikode,others,SUCI,A Sajeena
25,Kozhikode North,Kozhikode,others,,Jayanth Kumar
25,Kozhikode North,Kozhikode,others,,Jayanth S
25,Kozhikode North,Kozhikode,others,,Raveendran
25,Kozhikode North,Kozhikode,others,,Raveendran
25,Kozhikode North,Kozhikode,others,,Raveendranathan Nair
26,Kozhikode South,Kozhikode,LDF,INL,Ahamed Devarkovil
26,Kozhikode South,Kozhikode,UDF,IUML,Faisal Babu
26,Kozhikode South,Kozhikode,NDA,BJP,T. Raneesh
27,Beypore,Kozhikode,LDF,CPI(M),Muhammad Riyas
27,Beypore,Kozhikode,UDF,AITC,P. V. Anvar
27,Beypore,Kozhikode,NDA,BJP,K. P. Prakash Babu
27,Beypore,Kozhikode,others,,Anver S/o Enunni
27,Beypore,Kozhikode,others,,Anver S/o Moideenkoya
27,Beypore,Kozhikode,others,,Anver S/o Sulaikha K P
27,Beypore,Kozhikode,others,,Anwar Ali Hassan S/o Kuttyhassan
27,Beypore,Kozhikode,others,,Muhammed Riyas P.C S/o Ahammedkutty .P C
28,Kunnamangalam,Kozhikode,LDF,Independent (CPI(M) support),P. T. A. Rahim
28,Kunnamangalam,Kozhikode,UDF,IUML,M. A. Razak Master
28,Kunnamangalam,Kozhikode,NDA,BJP,V. K. Sajeevan
28,Kunnamangalam,Kozhikode,others,,Abdul Razak
28,Kunnamangalam,Kozhikode,others,,Abdu Rasak
28,Kunnamangalam,Kozhikode,others,,Mavoor Muhammed Ali
28,Kunnamangalam,Kozhikode,others,,Raheem P
28,Kunnamangalam,Kozhikode,others,,Rahim
28,Kunnamangalam,Kozhikode,others,AIHCP,Santhosh P T
29,Koduvally,Kozhikode,LDF,CPI,V. R. Sunil
29,Koduvally,Kozhikode,LDF,Independent (CPI(M) support),Saleem Madavoor
29,Koduvally,Kozhikode,UDF,INC,O. J. Janeesh
29,Koduvally,Kozhikode,UDF,IUML,P. K. Firos
29,Koduvally,Kozhikode,NDA,TTP,Varghese George
29,Koduvally,Kozhikode,NDA,BDJS,Giri Pambanal
29,Koduvally,Kozhikode,others,AAP,Dr. K.M Francis Roy
29,Koduvally,Kozhikode,others,,Nandagopan Vellathadi
29,Koduvally,Kozhikode,others,BSP,Ravi A K
29,Koduvally,Kozhikode,others,AAP,Bavan Kutty K M
29,Koduvally,Kozhikode,others,RPI (A),Sunil Mannath
29,Koduvally,Kozhikode,others,,Abdul Shukoor
29,Koduvally,Kozhikode,others,,Firose K C S/o Moitheenkutty
29,Koduvally,Kozhikode,others,,Firose S/o Aboobacker Musaliar
29,Koduvally,Kozhikode,others,,Lakshmanan K P Thamarassery
29,Koduvally,Kozhikode,others,,Sajir K
29,Koduvally,Kozhikode,others,,Saleem C K
29,Koduvally,Kozhikode,others,,Saleem Muttanchery
29,Koduvally,Kozhikode,others,,Shaheeda C P
30,Thiruvambady,Kozhikode,LDF,CPI(M),Linto Joseph
30,Thiruvambady,Kozhikode,UDF,IUML,C. K. Kasim
30,Thiruvambady,Kozhikode,NDA,TTP,Sunny Thomas
30,Thiruvambady,Kozhikode,others,AAP,Sunny V Joseph
30,Thiruvambady,Kozhikode,others,,Dr. Wilson Rockey
30,Thiruvambady,Kozhikode,others,,Muhammed Kasim
30,Thiruvambady,Kozhikode,others,,P K Kasim  S/o Abdullakkutty Haji
31,Kondotty,Malappuram,LDF,CPI(M),Dr. P. Jiji
31,Kondotty,Malappuram,UDF,IUML,T. P. Ashrafali
31,Kondotty,Malappuram,NDA,BJP,P. Subrahmanian
31,Kondotty,Malappuram,others,SDPI,M. Abdul Khader
31,Kondotty,Malappuram,others,BSP,Keeran N.K
32,Manjeri,Malappuram,LDF,Independent (CPI support),V. M. Mustafa
32,Manjeri,Malappuram,UDF,IUML,M. Rahmathulla
32,Manjeri,Malappuram,NDA,BJP,Pathmasree M.
32,Manjeri,Malappuram,others,AAP,Adv. PPA Sageer
32,Manjeri,Malappuram,others,,Bipin Benson Joseph
33,Malappuram,Malappuram,LDF,NCP(SP),K. T. Mujeeb
33,Malappuram,Malappuram,UDF,IUML,P. K. Kunhalikutty
33,Malappuram,Malappuram,NDA,BJP,Ashwathy Gupatha Kumar
33,Malappuram,Malappuram,others,AAP,Aboobacker K.P. (Kundupuzhakkal)
33,Malappuram,Malappuram,others,SDPI,Adv. Sadiq Naduthodi
33,Malappuram,Malappuram,others,,Sreedharan
33,Malappuram,Malappuram,others,,Abdul Gafoor Master O.P.K
33,Malappuram,Malappuram,others,,Abdulsalam.K.P
34,Vengara,Malappuram,LDF,Independent (CPI(M) support),Muhammad Sabah Kundupuzhakkal
34,Vengara,Malappuram,UDF,IUML,K. M. Shaji
34,Vengara,Malappuram,NDA,BJP,Jayakrishnan V.N.
34,Vengara,Malappuram,others,,U.P. Shaji
34,Vengara,Malappuram,others,,Abdul Rafeeq Chemban
34,Vengara,Malappuram,others,,K.M.Shaji Shymalayam
35,Tirur,Malappuram,LDF,CPI(M),P. P. Sumod
35,Tirur,Malappuram,LDF,CPI(M),V. Abdurahiman
35,Tirur,Malappuram,UDF,INC,K. C. Subramanian
35,Tirur,Malappuram,UDF,IUML,Kurukkoli Moideen
35,Tirur,Malappuram,NDA,BJP,Suresh Babu
35,Tirur,Malappuram,NDA,BJP,K. Narayanan Master
35,Tirur,Malappuram,others,BSP,Narayanankutty  K T
35,Tirur,Malappuram,others,,V. Abdurahman
35,Tirur,Malappuram,others,AAP,Kabeer Shameer Kuttoor
35,Tirur,Malappuram,others,SP (I),Siyad Koodiyath
35,Tirur,Malappuram,others,,Abdurahiman S/o Kunjeen
35,Tirur,Malappuram,others,SUCI,Dr.S.Aleena
35,Tirur,Malappuram,others,,Moideen Koomulli Parambil
36,Tanur,Malappuram,LDF,Independent (CPI(M) support),Muhammed Sameer
36,Tanur,Malappuram,LDF,Independent (CPI(M) support),K. T. Jaleel
36,Tanur,Malappuram,UDF,IUML,P. K. Navas
36,Tanur,Malappuram,UDF,INC,V. S. Joy
36,Tanur,Malappuram,NDA,BJP,Deepa Puzhakkal
36,Tanur,Malappuram,NDA,BDJS,Ravi Thelath
36,Tanur,Malappuram,others,,Mohamed Sameer T Thiruthiyil House
36,Tanur,Malappuram,others,,P P Navas S/o Kunhimuhamed
36,Tanur,Malappuram,others,,Sameer T
36,Tanur,Malappuram,others,SDPI,Abdul Jaleel
36,Tanur,Malappuram,others,,Abdul Jaleel K T S/o Moideen K T
37,Tirurangadi,Malappuram,LDF,CPI,Ajit Koladi
37,Tirurangadi,Malappuram,UDF,IUML,P. M. A. Sameer
37,Tirurangadi,Malappuram,NDA,BJP,Riju C. Raghav
37,Tirurangadi,Malappuram,others,AAP,Moosa Jarathingal
37,Tirurangadi,Malappuram,others,SDPI,Hameed V
38,Kottakkal,Malappuram,LDF,CPI(M),K. Preethi
38,Kottakkal,Malappuram,UDF,IUML,K. K. Abid Hussain Thangal
38,Kottakkal,Malappuram,NDA,BDJS,Subrahmanian Chunkapally
38,Kottakkal,Malappuram,others,SDPI,Adv. Majeed Marakkara
38,Kottakkal,Malappuram,others,,Mohamed Rafi
38,Kottakkal,Malappuram,others,,Preethi Kp
40,Wandoor,Malappuram,LDF,CPI(M),K. K. Damodaran
40,Wandoor,Malappuram,UDF,INC,A. P. Anil Kumar
40,Wandoor,Malappuram,NDA,BJP (Independent),E. P. Kumaradas
40,Wandoor,Malappuram,others,,Anilkumar S/o Kuttan
41,Perinthalmanna,Malappuram,LDF,CPI(M),V. P. Muhammad Haneefa
41,Perinthalmanna,Malappuram,UDF,IUML,Najeeb Kanthapuram
41,Perinthalmanna,Malappuram,NDA,BJP,Adv. K.P. Baburaj
41,Perinthalmanna,Malappuram,others,,Abdul Najeeb S/o Mohamed
41,Perinthalmanna,Malappuram,others,,Abdul Najeeb S/o Veerappu
41,Perinthalmanna,Malappuram,others,,Haneefa
41,Perinthalmanna,Malappuram,others,,Mohammed Haneefa P S/o Alavi
41,Perinthalmanna,Malappuram,others,,Najeeb
42,Mannarkkad,Palakkad,LDF,Independent (CPI(M) support),Kunnath Muhammed
42,Mannarkkad,Palakkad,LDF,CPI,Manzil Aboobacker
42,Mannarkkad,Palakkad,UDF,IUML,Manjalamkuzhi Ali
42,Mannarkkad,Palakkad,UDF,IUML,N. Samsudheen
42,Mannarkkad,Palakkad,NDA,BJP,Lijoy Paul
42,Mannarkkad,Palakkad,NDA,BDJS,Isaac Varghese
42,Mannarkkad,Palakkad,others,,Kunnath Mohamed S/o Ali Haji
42,Mannarkkad,Palakkad,others,SDPI,Ashitha Najeeb
42,Mannarkkad,Palakkad,others,,Aboobacker S/o Ayisha
42,Mannarkkad,Palakkad,others,,Shamsudheen S/o Muhammed
42,Mannarkkad,Palakkad,others,,Shamsudheen S/o Ummer
43,Malampuzha,Palakkad,LDF,CPI(M),E. Prabhakaran
43,Malampuzha,Palakkad,UDF,INC,A. Suresh
43,Malampuzha,Palakkad,NDA,BJP,C. Krishnakumar
43,Malampuzha,Palakkad,others,AAP,Saji P J
43,Malampuzha,Palakkad,others,SUCI,K Prasad
43,Malampuzha,Palakkad,others,BSP,Ramnath C
44,Palakkad,Palakkad,LDF,Independent (CPI(M) support),N. M. R. Razaq
44,Palakkad,Palakkad,UDF,INC,Ramesh Pisharody
44,Palakkad,Palakkad,NDA,BJP,Sobha Surendran
44,Palakkad,Palakkad,others,AAP,Udayan Sukumaran
44,Palakkad,Palakkad,others,BSP,Krishnankutty K
44,Palakkad,Palakkad,others,,Reghu M
44,Palakkad,Palakkad,others,,Shamsudheen B
45,Thrithala,Palakkad,LDF,CPI(M),M. B. Rajesh
45,Thrithala,Palakkad,UDF,INC,V. T. Balram
45,Thrithala,Palakkad,NDA,BJP,V. Unnikrishnan Master
45,Thrithala,Palakkad,others,SDPI,Shaheer Chalippuram
45,Thrithala,Palakkad,others,,T T Balaraman
45,Thrithala,Palakkad,others,,Abbas
45,Thrithala,Palakkad,others,BSP,Adv Keerthi Jayanandhan
45,Thrithala,Palakkad,others,,Balaraman
45,Thrithala,Palakkad,others,,Rajesh S/o Ramankutty
46,Pattambi,Palakkad,LDF,CPI,Muhammad Muhsin
46,Pattambi,Palakkad,UDF,INC,T. P. Shaji
46,Pattambi,Palakkad,NDA,BJP,Adv. P. Manoj
46,Pattambi,Palakkad,others,SDPI,S.P. Ameer Ali
46,Pattambi,Palakkad,others,,Haris Babu Pailippuram
46,Pattambi,Palakkad,others,,Muhammed Muhsin. M. K Manjerikunnath
46,Pattambi,Palakkad,others,,shajimon
47,Shornur,Palakkad,LDF,CPI(M),P. Mammikkutty
47,Shornur,Palakkad,UDF,INC,P. Harigovindan
47,Shornur,Palakkad,NDA,BJP,Sanku T. Das
47,Shornur,Palakkad,others,SDPI,Aboobacker
48,Ottapalam,Palakkad,LDF,CPI(M),K. Premkumar
48,Ottapalam,Palakkad,UDF,Independent (INC Support),P. K. Sasi
48,Ottapalam,Palakkad,NDA,BJP,Major Ravi
48,Ottapalam,Palakkad,others,BSP,K.P Rajeesh
48,Ottapalam,Palakkad,others,,Muhammed Asharaf V.H
48,Ottapalam,Palakkad,others,,Sasi P.K S/o Krishnankutty
49,Kongad,Palakkad,LDF,CPI(M),K. Shanthakumari
49,Kongad,Palakkad,UDF,INC,K. A. Thulasi
49,Kongad,Palakkad,NDA,BJP,Renu Suresh
49,Kongad,Palakkad,others,BSP,Guruvayoorappan P E
50,Alathur,Palakkad,LDF,CPI(M),T. M. Sasi
50,Alathur,Palakkad,UDF,INC,K. N. Febin
50,Alathur,Palakkad,NDA,BJP,K.V. Prasanna Kumar
50,Alathur,Palakkad,others,,B Febin S/o Balan K.C.
50,Alathur,Palakkad,others,BSP,M T Chandran
51,Chittur,Palakkad,LDF,Indian Socialist Janata Dal,Adv V. Murugadas
51,Chittur,Palakkad,UDF,INC,Sumesh Achuthan
51,Chittur,Palakkad,NDA,BJP,Pranesh Rajendran
51,Chittur,Palakkad,others,,Sumesh C
51,Chittur,Palakkad,others,,Murugadas. P.  S/o Pazhaniappa Mudaliyaar
51,Chittur,Palakkad,others,,N S K Puram Sasikumar
52,Nenmara,Palakkad,LDF,CPI(M),K. Preman
52,Nenmara,Palakkad,UDF,INC,A. Thankappan
52,Nenmara,Palakkad,NDA,BDJS,A. N. Anurag
52,Nenmara,Palakkad,others,SDPI,Anvar Sadiq
52,Nenmara,Palakkad,others,,Radhakrishnan K
52,Nenmara,Palakkad,others,,Ramakrishna Sankaranarayanan
54,Wadakkancherry,Thrissur,LDF,CPI(M),Xeviyar Chittilappally
54,Wadakkancherry,Thrissur,UDF,INC,P N Vaisakh
54,Wadakkancherry,Thrissur,NDA,BJP,Adv. T.S. Ullas Babu
54,Wadakkancherry,Thrissur,others,AAP,Jithin Sadanananthan
54,Wadakkancherry,Thrissur,others,BSP,Subramanian Penakam
55,Kunnamkulam,Thrissur,LDF,CPI(M),A. C. Moytheen
55,Kunnamkulam,Thrissur,UDF,INC,P. T. Ajayamohan
55,Kunnamkulam,Thrissur,NDA,BDJS,Rijil K. R.
55,Kunnamkulam,Thrissur,others,AAP,Rajeev K Sivaraman
56,Guruvayur,Thrissur,LDF,CPI(M),N. K. Akbar
56,Guruvayur,Thrissur,UDF,IUML,C. H. Rasheed
56,Guruvayur,Thrissur,NDA,BJP,Adv. B. Gopalakrishnan
56,Guruvayur,Thrissur,others,AAP,Pauly Francis Guruvayur
56,Guruvayur,Thrissur,others,SDPI,K.V. Abdul Nasar Paroor
56,Guruvayur,Thrissur,others,SUCI,C. R. Unnikrishnan
57,Manalur,Thrissur,LDF,CPI(M),C. Ravindranath
57,Manalur,Thrissur,UDF,INC,T. N. Prathapan
57,Manalur,Thrissur,NDA,BJP,K. K. Aneesh Kumar
57,Manalur,Thrissur,others,AAP,Unnikrishnan C. S.
57,Manalur,Thrissur,others,SDPI,Dileef Abdul Khader
57,Manalur,Thrissur,others,IGP,Sivaprasad Gandhi K M
57,Manalur,Thrissur,others,,Sujith
57,Manalur,Thrissur,others,,Chandran P V
57,Manalur,Thrissur,others,,Prathapan Divakaran
57,Manalur,Thrissur,others,,Raveendranath K
58,Ollur,Thrissur,LDF,CPI,K. Rajan
58,Ollur,Thrissur,UDF,INC,Shaji Kodankandath
58,Ollur,Thrissur,NDA,BJP,Bijoy Thomas
58,Ollur,Thrissur,others,AAP,V P Prinson Avinissery
58,Ollur,Thrissur,others,,Edwin Babu Alapat
59,Thrissur,Thrissur,LDF,CPI,Alankode Leelakrishnan
59,Thrissur,Thrissur,UDF,INC,Rajan Pallan
59,Thrissur,Thrissur,NDA,BJP,Padmaja Venugopal
59,Thrissur,Thrissur,others,AAP,Rani Anto
59,Thrissur,Thrissur,others,CPIML Liberation,Arshed Aziz
59,Thrissur,Thrissur,others,,Rajan. M
59,Thrissur,Thrissur,others,BSP,Rosilin Chacko
60,Nattika,Thrissur,LDF,CPI,Geetha Gopi
60,Nattika,Thrissur,LDF,CPI(M),K. Ansalan
60,Nattika,Thrissur,UDF,INC,Sunil Lalur
60,Nattika,Thrissur,UDF,INC,N. Sakthan
60,Nattika,Thrissur,NDA,BJP,C. C. Mukundan
60,Nattika,Thrissur,NDA,BJP,S. Rajasekharan Nair
60,Nattika,Thrissur,others,BSP,Surendranathan. K
60,Nattika,Thrissur,others,,Bibin S.B
61,Irinjalakuda,Thrissur,LDF,CPI(M),R. Bindu
61,Irinjalakuda,Thrissur,UDF,KEC,Thomas Unniyadan
61,Irinjalakuda,Thrissur,NDA,BJP,Santhosh Cherkalam
61,Irinjalakuda,Thrissur,others,AAP,Dr. Shaju K Y (Kavungal)
61,Irinjalakuda,Thrissur,others,BSP,Thankamany Tharayil
61,Irinjalakuda,Thrissur,others,,Ayyappan Manakkal
61,Irinjalakuda,Thrissur,others,,Dr. Anish
62,Puthukkad,Thrissur,LDF,CPI(M),K. K. Ramachandran
62,Puthukkad,Thrissur,UDF,INC,K. M. Babu Raj
62,Puthukkad,Thrissur,NDA,BJP,A. Nagesh
62,Puthukkad,Thrissur,others,AAP,Jayakrishnan P N
62,Puthukkad,Thrissur,others,,Anifa V K
62,Puthukkad,Thrissur,others,BSP,P C Pushpakaran
63,Chalakudy,Thrissur,LDF,Kerala Congress (M),Adv Biju Chirayath
63,Chalakudy,Thrissur,UDF,INC,T. J. Saneesh Kumar Joseph
63,Chalakudy,Thrissur,NDA,TTP,Charly Paul
63,Chalakudy,Thrissur,others,AAP,Wilson Kallen
63,Chalakudy,Thrissur,others,,A D Biju
63,Chalakudy,Thrissur,others,,Arun Edathadan
63,Chalakudy,Thrissur,others,BSP,M S Asokan Mangalappilly
64,Kaipamangalam,Thrissur,LDF,CPI,K. K. Valsaraj
64,Kaipamangalam,Thrissur,UDF,INC,T. M. Nazar
64,Kaipamangalam,Thrissur,NDA,BDJS,Athulya Ghosh
64,Kaipamangalam,Thrissur,others,AAP,Jayan Eratt
64,Kaipamangalam,Thrissur,others,SDPI,A.M. Muhammed Riyas
64,Kaipamangalam,Thrissur,others,CPIML Red Star,Manoj M.M.
65,Perumbavoor,Ernakulam,LDF,Kerala Congress (M),Basil Paul
65,Perumbavoor,Ernakulam,UDF,INC,Manoj Moothedan
65,Perumbavoor,Ernakulam,NDA,TTP,Jibi Pathikkal
65,Perumbavoor,Ernakulam,others,BSP,Adv. Prasanth
65,Perumbavoor,Ernakulam,others,,Eldho George
65,Perumbavoor,Ernakulam,others,,Mohanan M A
66,Angamaly,Ernakulam,LDF,CPI(M),Saju Paul
66,Angamaly,Ernakulam,UDF,INC,Roji M. John
66,Angamaly,Ernakulam,NDA,TTP,Promy Kuriakose
66,Angamaly,Ernakulam,others,,Subran
66,Angamaly,Ernakulam,others,,Suphil Sebastian
66,Angamaly,Ernakulam,others,,Joby Paul Uppan
66,Angamaly,Ernakulam,others,SUCI,P V Rajeesh
67,Aluva,Ernakulam,LDF,CPI(M),A. M. Ariff
67,Aluva,Ernakulam,UDF,INC,Anwar Sadath
67,Aluva,Ernakulam,NDA,BJP,M.A. Brahmaraj
67,Aluva,Ernakulam,others,AAP,Hakhikhath Hameed
68,Kalamassery,Ernakulam,LDF,CPI(M),P. Rajeev
68,Kalamassery,Ernakulam,UDF,IUML,V. E. Abdul Gafoor
68,Kalamassery,Ernakulam,NDA,BDJS,M. P. Binu
68,Kalamassery,Ernakulam,others,AAP,Shamsu T.K
68,Kalamassery,Ernakulam,others,BSP,Siyad V A
68,Kalamassery,Ernakulam,others,SDPI,Ajmal K Mujeeb
68,Kalamassery,Ernakulam,others,SUCI,A Rajeena
68,Kalamassery,Ernakulam,others,,Rajeev S/o Vareed
69,Paravur,Ernakulam,LDF,CPI,E. T. Taison
69,Paravur,Ernakulam,UDF,INC,V. D. Satheesan
69,Paravur,Ernakulam,NDA,BJP,Vathsala Prasanna Kumar
69,Paravur,Ernakulam,others,SDPI,V.M. Faisal
69,Paravur,Ernakulam,others,,G.Gokuldev
69,Paravur,Ernakulam,others,,K.B.Satheesan
69,Paravur,Ernakulam,others,BSP,P.K.Rajesh
70,Vypen,Ernakulam,LDF,CPI(M),M. B. Shyni
70,Vypen,Ernakulam,UDF,INC,Tony Chammany
70,Vypen,Ernakulam,NDA,TTP,Anitha Thomas
70,Vypen,Ernakulam,others,CPIML Red Star,T. C. Subrahmanyan
70,Vypen,Ernakulam,others,,Sadasivan
70,Vypen,Ernakulam,others,AAP,Mohandas PG
71,Kochi,Ernakulam,LDF,CPI(M),K. J. Maxi
71,Kochi,Ernakulam,UDF,INC,Mohammed Shiyas
71,Kochi,Ernakulam,NDA,TTP,Adv. Xavier Joolappan
71,Kochi,Ernakulam,others,SDPI,Aneesh Mattancherry
71,Kochi,Ernakulam,others,,Ajeesh P.E
72,Thrippunithura,Ernakulam,LDF,CPI(M),K. N. Unnikrishnan
72,Thrippunithura,Ernakulam,UDF,INC,Deepak Joy
72,Thrippunithura,Ernakulam,NDA,TTP,Anjali Nair
72,Thrippunithura,Ernakulam,others,AAP,Thomas Paul
72,Thrippunithura,Ernakulam,others,,Unnikrishnan K N
72,Thrippunithura,Ernakulam,others,BSP,Karthikeyan
72,Thrippunithura,Ernakulam,others,,Rajkumar
72,Thrippunithura,Ernakulam,others,,Sandeep Rajendraprasad
72,Thrippunithura,Ernakulam,others,SUCI,Satheesan
73,Ernakulam,Ernakulam,LDF,Indian Socialist Janata Dal,Sabu George
73,Ernakulam,Ernakulam,UDF,INC,T. J. Vinod
73,Ernakulam,Ernakulam,NDA,BJP,P.R. Sivasankar
73,Ernakulam,Ernakulam,others,AAP,Moses Henry Motha
73,Ernakulam,Ernakulam,others,,Ashokan
74,Kolam,Ernakulam,LDF,Independent (CPI(M) support),Bhagat Rufus
74,Kolam,Ernakulam,UDF,INC,M. Vincent
74,Kolam,Ernakulam,NDA,BJP,T. N. Suresh
74,Kolam,Ernakulam,others,AAP,Manoj S.P
74,Kolam,Ernakulam,others,,Venganoor Ashokan
74,Kolam,Ernakulam,others,,Adv.Sabu.S.Philip
74,Kolam,Ernakulam,others,SRP,Kattachalkuzhi.M.Sugathan
74,Kolam,Ernakulam,others,,Kiran S Pillai
74,Kolam,Ernakulam,others,,N.Jayarajan
75,Kunnathunadu,Ernakulam,LDF,CPI(M),P. V. Sreenijin
75,Kunnathunadu,Ernakulam,UDF,INC,V. P. Sajeendran
75,Kunnathunadu,Ernakulam,NDA,TTP,Babu Divakaran
75,Kunnathunadu,Ernakulam,others,,Vazhakulam Bhasi
75,Kunnathunadu,Ernakulam,others,BSP,Manikuttan A. T.
76,Kothamangalam,Ernakulam,LDF,CPI(M),Antony John
76,Kothamangalam,Ernakulam,UDF,KEC,Shibu Thekkumpuram
76,Kothamangalam,Ernakulam,NDA,BDJS,Aji Narayanan
76,Kothamangalam,Ernakulam,others,RJP,Finto Xavier
76,Kothamangalam,Ernakulam,others,SDPI,Roy Arackal
76,Kothamangalam,Ernakulam,others,,Shibu Chalakattu
76,Kothamangalam,Ernakulam,others,,Shibu Kallekkattu
77,Muvattupuzha,Ernakulam,LDF,CPI,N. Arun
77,Muvattupuzha,Ernakulam,UDF,INC,Mathew Kuzhalnadan
77,Muvattupuzha,Ernakulam,NDA,TTP,Sunny Kadoothazhe
77,Muvattupuzha,Ernakulam,others,SDPI,Roy Arakkal
78,Piravom,Ernakulam,LDF,Kerala Congress (M),Sabu K Jacob
78,Piravom,Ernakulam,UDF,KC(J),Anoop Jacob
78,Piravom,Ernakulam,NDA,TTP,Jibi Abraham
78,Piravom,Ernakulam,others,AAP,Eldho Abraham
78,Piravom,Ernakulam,others,SUCI,T C Ramanan
78,Piravom,Ernakulam,others,,Renny Mathew
78,Piravom,Ernakulam,others,,Sabu K Eramath
79,Idukki,Idukki,LDF,Kerala Congress (M),Roshi Augustine
79,Idukki,Idukki,UDF,INC,Roy K. Paulose
79,Idukki,Idukki,NDA,BDJS,Pradeesh Prabha
79,Idukki,Idukki,others,BSP,Shijo Antony
80,Udumbanchola,Idukki,LDF,CPI(M),K. K. Jayachandran
80,Udumbanchola,Idukki,UDF,INC,Adv. Senapathi Venu
80,Udumbanchola,Idukki,NDA,BDJS,Sangeetha Viswanathan
80,Udumbanchola,Idukki,others,BSP,P.K. Sajeevan
81,Thodupuzha,Idukki,LDF,Kerala Congress (M),Cyriac Chazhikadan
81,Thodupuzha,Idukki,UDF,KEC,Apu John Joseph
81,Thodupuzha,Idukki,NDA,TTP,Roy A. Varikkad
81,Thodupuzha,Idukki,others,AAP,Adv. Basil John
81,Thodupuzha,Idukki,others,SDPI,Afsal M. B
81,Thodupuzha,Idukki,others,,Ajay V Marar (ajay Unni)
81,Thodupuzha,Idukki,others,,Jomon John
81,Thodupuzha,Idukki,others,SUCI,P T Varghese
82,Peerumade,Idukki,LDF,CPI,K. Salim Kumar
82,Peerumade,Idukki,UDF,INC,Adv. Syriac Thomas
82,Peerumade,Idukki,NDA,BJP,V. Ratheesh
82,Peerumade,Idukki,others,AAP,Joseph Jacob
82,Peerumade,Idukki,others,BSP,K Murali
83,Devikulam,Idukki,LDF,CPI(M),A. Raj
83,Devikulam,Idukki,UDF,INC,F. Raja
83,Devikulam,Idukki,NDA,BJP,S. Rajendran
83,Devikulam,Idukki,others,,Chelladurai .M
83,Devikulam,Idukki,others,BSP,Rajendran .V. B
83,Devikulam,Idukki,others,,Selvi
84,Vaikom,Kottayam,LDF,CPI,P. Pradeep
84,Vaikom,Kottayam,UDF,INC,K. Binimon
84,Vaikom,Kottayam,NDA,BJP,K. Ajith
84,Vaikom,Kottayam,others,BSP,Sumam P S
84,Vaikom,Kottayam,others,SUCI,T M Bose
84,Vaikom,Kottayam,others,,Adv. P I Jayakumar
84,Vaikom,Kottayam,others,,Pradeep
85,Ettumanoor,Kottayam,LDF,CPI(M),V. N. Vasavan
85,Ettumanoor,Kottayam,UDF,INC,Nattakam Suresh
85,Ettumanoor,Kottayam,NDA,TTP,Athira D. Nair
85,Ettumanoor,Kottayam,others,SUCI,Ashna Thambi
85,Ettumanoor,Kottayam,others,BSP,Binoy Joseph Kulathunkal
85,Ettumanoor,Kottayam,others,,Raj Mohan Vettikulangara Unni
86,Kottayam,Kottayam,LDF,CPI(M),K. Anilkumar
86,Kottayam,Kottayam,UDF,INC,Thiruvanchoor Radhakrishnan
86,Kottayam,Kottayam,NDA,BDJS,P. Anilkumar
86,Kottayam,Kottayam,others,AAP,Dr. Selin Philip
86,Kottayam,Kottayam,others,SUCI,Ralesh Chandran
86,Kottayam,Kottayam,others,,Shaiju Kurian
87,Poonjar,Kottayam,LDF,Kerala Congress (M),Sebastian Kulathunkal
87,Poonjar,Kottayam,UDF,INC,Sebastian M J
87,Poonjar,Kottayam,NDA,BJP,P. C. George
87,Poonjar,Kottayam,others,,Abhiram Babu
87,Poonjar,Kottayam,others,,Mayamol K P
87,Poonjar,Kottayam,others,,Santhosh Joseph
87,Poonjar,Kottayam,others,BSP,Shiny A C
89,Kaduthuruthy,Kottayam,LDF,Kerala Congress (M),Nirmala Jimmy
89,Kaduthuruthy,Kottayam,UDF,KEC,Mons Joseph
89,Kaduthuruthy,Kottayam,NDA,BDJS,Suresh Ettikunnel
89,Kaduthuruthy,Kottayam,others,AAP,Dominic Simon
89,Kaduthuruthy,Kottayam,others,,Indu
89,Kaduthuruthy,Kottayam,others,BSP,Jijith K Joy
89,Kaduthuruthy,Kottayam,others,,M.M.Scaria
90,Changanacherry,Kottayam,LDF,Kerala Congress (M),Job Maichil
90,Changanacherry,Kottayam,UDF,KEC,Vinu Job
90,Changanacherry,Kottayam,NDA,BJP,B. Radhakrishna Menon
90,Changanacherry,Kottayam,others,AAP,Prof. (Dr.) Saju Kannanthara
90,Changanacherry,Kottayam,others,SDPI,Althaf Hassan
90,Changanacherry,Kottayam,others,BSP,Usha Johnson
90,Changanacherry,Kottayam,others,SUCI,Aravind V
90,Changanacherry,Kottayam,others,,Dr.Kalki P
90,Changanacherry,Kottayam,others,,Joemon Joseph Srampickal A P J Juman V S
90,Changanacherry,Kottayam,others,JRP,Jose Joseph
91,Kuttanad,Alappuzha,LDF,NCP(SP),Thomas K. Thomas
91,Kuttanad,Alappuzha,LDF,CPI(M),K. P. Kunhammad Kutti Master
91,Kuttanad,Alappuzha,UDF,KEC,Reji Cheriyan
91,Kuttanad,Alappuzha,UDF,IUML,Parakkal Abdulla
91,Kuttanad,Alappuzha,NDA,BDJS,Santhosh Santhy
91,Kuttanad,Alappuzha,NDA,BJP,Ramadas Manaleri
91,Kuttanad,Alappuzha,others,AAP,Joseph Mathew
91,Kuttanad,Alappuzha,others,,Jaisappan Mathai
91,Kuttanad,Alappuzha,others,,Joemon Joseph Srampickal A. P. J. Juman V. S.
91,Kuttanad,Alappuzha,others,SUCI,P.K. Sasi
91,Kuttanad,Alappuzha,others,,Renju T. R.
91,Kuttanad,Alappuzha,others,,Abdulla
91,Kuttanad,Alappuzha,others,,Kunhammadkutty
92,Alappuzha,Alappuzha,LDF,CPI(M),P. P. Chitharanjan
92,Alappuzha,Alappuzha,UDF,INC,A. D. Thomas
92,Alappuzha,Alappuzha,NDA,BJP,M.J. Job
92,Alappuzha,Alappuzha,others,,Alleppey Sugunan
92,Alappuzha,Alappuzha,others,,Joseph Chacko
92,Alappuzha,Alappuzha,others,,Jyothi Abraham
93,Ambalappuzha,Alappuzha,LDF,CPI(M),H. Salam
93,Ambalappuzha,Alappuzha,UDF,Independent (INC Support),G. Sudhakaran
93,Ambalappuzha,Alappuzha,NDA,BJP,Arun Anirudhan
93,Ambalappuzha,Alappuzha,others,SUCI,Johnson Mathew
94,Cherthala,Alappuzha,LDF,CPI,P. Prasad
94,Cherthala,Alappuzha,UDF,INC,K. R. Rajendra Prasad
94,Cherthala,Alappuzha,NDA,BDJS,Adv. Anandaraj T. P
94,Cherthala,Alappuzha,others,,Adv. Sonnymon K. Mathew
94,Cherthala,Alappuzha,others,,A.P. Prasad S/o Purushothaman
94,Cherthala,Alappuzha,others,,Nandakumar
94,Cherthala,Alappuzha,others,,Rajendra Prasad S/o Prabhakaran
96,Aroor,Alappuzha,LDF,CPI(M),Daleema
96,Aroor,Alappuzha,UDF,INC,Shanimol Usman
96,Aroor,Alappuzha,NDA,BDJS,P. S. Jyothis
96,Aroor,Alappuzha,others,BDP,Vayalar Rajeevan
96,Aroor,Alappuzha,others,,Vipin
96,Aroor,Alappuzha,others,SUCI,N.K. Sasikumar
97,Chengannur,Alappuzha,LDF,CPI(M),Saji Cherian
97,Chengannur,Alappuzha,UDF,INC,Eby Kuriakose
97,Chengannur,Alappuzha,NDA,BJP,M. V. Gopakumar
97,Chengannur,Alappuzha,others,SUCI,B. Praneesh
98,Mavelikkara,Alappuzha,LDF,CPI(M),M. S. Arun Kumar
98,Mavelikkara,Alappuzha,UDF,INC,Muthara Raj
98,Mavelikkara,Alappuzha,NDA,BJP,Ajimon
98,Mavelikkara,Alappuzha,others,API,Suresh Nooranad
99,Kayamkulam,Alappuzha,LDF,CPI(M),U. Prathibha
99,Kayamkulam,Alappuzha,UDF,INC,M. Liju
99,Kayamkulam,Alappuzha,NDA,BDJS,Thambi Mettuthara
100,Haripad,Alappuzha,LDF,CPI,T. T. Jismon
100,Haripad,Alappuzha,UDF,INC,Ramesh Chennithala
100,Haripad,Alappuzha,NDA,BJP,Sandeep Vachaspati
100,Haripad,Alappuzha,others,,Soumya V.Sasidharan
100,Haripad,Alappuzha,others,SUCI,Vidhya V.P
100,Haripad,Alappuzha,others,,Ch. Ramesh
102,Ranny,Pathanamthitta,LDF,Kerala Congress (M),Pramod Narayan
102,Ranny,Pathanamthitta,UDF,INC,Pazhakulam Madhu
102,Ranny,Pathanamthitta,NDA,TTP,Thomas K. Samuel
102,Ranny,Pathanamthitta,others,,Sreehari K P
103,Aranmula,Pathanamthitta,LDF,CPI(M),Veena George
103,Aranmula,Pathanamthitta,UDF,INC,Abin Varkey
103,Aranmula,Pathanamthitta,NDA,BJP,Kummanam Rajasekharan
103,Aranmula,Pathanamthitta,others,API,Omalloor Ramachandran
103,Aranmula,Pathanamthitta,others,BSP,Prabhakaran V R
103,Aranmula,Pathanamthitta,others,SUCI,Radhamani
104,Thiruvalla,Pathanamthitta,LDF,Indian Socialist Janata Dal,Mathew T. Thomas
104,Thiruvalla,Pathanamthitta,UDF,KEC,Varghese Mammen
104,Thiruvalla,Pathanamthitta,NDA,BJP,Anoop Antony
104,Thiruvalla,Pathanamthitta,others,,Thomas Mammen
104,Thiruvalla,Pathanamthitta,others,,Zeen Thomas
104,Thiruvalla,Pathanamthitta,others,,Aju Alex
104,Thiruvalla,Pathanamthitta,others,BSP,Ramesh Chathenkary
105,Adoor,Pathanamthitta,LDF,CPI,Priji Sasidharan
105,Adoor,Pathanamthitta,UDF,INC,Advocate C V  Santhakumar
105,Adoor,Pathanamthitta,NDA,BJP,Pandalam Prathapan
105,Adoor,Pathanamthitta,others,BSP,Sivakumar C S
106,Konni,Pathanamthitta,LDF,CPI(M),K. U. Jenish Kumar
106,Konni,Pathanamthitta,UDF,INC,Satheesh Kochuparambil
106,Konni,Pathanamthitta,NDA,BDJS,T. P. Sundareshan
106,Konni,Pathanamthitta,others,,Adv Varughese Oommen
107,Chadayamangalam,Kollam,LDF,CPI,J. Chinchu Rani
107,Chadayamangalam,Kollam,UDF,INC,M. M. Naseer
107,Chadayamangalam,Kollam,NDA,BJP,R. S. Arun Raj
107,Chadayamangalam,Kollam,others,SDPI,Sharafath Mallam
107,Chadayamangalam,Kollam,others,Anna DHRM,Aji Kadasseri
107,Chadayamangalam,Kollam,others,,G. Jayan Moonlight Chithara
108,Punalur,Kollam,LDF,CPI,C. Ajaya Prasad
108,Punalur,Kollam,UDF,IUML,Noushad Yusuf
108,Punalur,Kollam,NDA,TTP,B. Raghunathan Pillai
108,Punalur,Kollam,others,BSP,Jose Saranath
108,Punalur,Kollam,others,SUCI,K. Mahesh
108,Punalur,Kollam,others,EPI,Nedumoncavu Gopalakrishnan
109,Pathanapuram,Kollam,LDF,Kerala Congress (B),K. B. Ganesh Kumar
109,Pathanapuram,Kollam,UDF,INC,Jyothikumar chamakkala
109,Pathanapuram,Kollam,NDA,TTP,Anil Pilla
109,Pathanapuram,Kollam,others,BSP,Vipinkumar V
109,Pathanapuram,Kollam,others,Anna DHRM,Aneesh Aneesh
109,Pathanapuram,Kollam,others,,Genash Kumar
109,Pathanapuram,Kollam,others,,Jyothish Kumar M
110,Kottarakkara,Kollam,LDF,CPI(M),K. N. Balagopal
110,Kottarakkara,Kollam,UDF,INC,P. Aisha Potty
110,Kottarakkara,Kollam,NDA,BJP,R. Reshmi
110,Kottarakkara,Kollam,others,AAP,Mamachan D
110,Kottarakkara,Kollam,others,EPI,G Suresh
110,Kottarakkara,Kollam,others,BSP,Wilfred Zacharias
111,Kunnathur,Kollam,LDF,RSP(L),Kovoor Kunjumon
111,Kunnathur,Kollam,UDF,RSP,Ullas Kovoor
111,Kunnathur,Kollam,NDA,BJP,Raji Prasad
111,Kunnathur,Kollam,others,,Manthara Velayudhan
111,Kunnathur,Kollam,others,SUCI,Sasidharan
112,Kundara,Kollam,LDF,CPI(M),S. L. Sajikumar
112,Kundara,Kollam,UDF,INC,P. C. Vishnunadh
112,Kundara,Kollam,NDA,BJP,Robin Radhakrishnan (Robin RB)
112,Kundara,Kollam,others,BSP,Lathika C
112,Kundara,Kollam,others,SUCI,Rahul R
112,Kundara,Kollam,others,,Riyas M
113,Chavara,Kollam,LDF,Independent (CPI(M) support),Sujith Vijayanpillai
113,Chavara,Kollam,LDF,CPI(M),U. R. Pradeep
113,Chavara,Kollam,UDF,RSP,Shibu Baby John
113,Chavara,Kollam,UDF,Independent (IUML Support),Sivan Veettikkunnu
113,Chavara,Kollam,NDA,BJP,K. R. Rajesh
113,Chavara,Kollam,NDA,BJP,K. Balakrishnan
113,Chavara,Kollam,others,AAP,K V Subramaniyan
113,Chavara,Kollam,others,SDPI,P. R. Vinod Kumar
114,Eravipuram,Kollam,LDF,CPI(M),M. Noushad
114,Eravipuram,Kollam,UDF,RSP,Vishnu Mohan
114,Eravipuram,Kollam,NDA,BDJS,Saji D. Anand
114,Eravipuram,Kollam,others,,Firoz  S  R
114,Eravipuram,Kollam,others,,Noushad A   S/o.Aliyaru Kunju
115,Kollam,Kollam,LDF,CPI(M),S. Jayamohan
115,Kollam,Kollam,UDF,INC,Bindhu Krishna
115,Kollam,Kollam,NDA,BJP,N. Prathap Kumar
115,Kollam,Kollam,others,AAP,Adv. Sinu L R
115,Kollam,Kollam,others,BSP,Mylode Sudhan
116,Parassala,Thiruvananthapuram,LDF,CPI(M),C. K. Hareendran
116,Parassala,Thiruvananthapuram,UDF,INC,Neyyattinkara Sanal
116,Parassala,Thiruvananthapuram,NDA,BJP,Gireesh Neyyar
116,Parassala,Thiruvananthapuram,others,AAP,Deepumon N
116,Parassala,Thiruvananthapuram,others,,Simiyon L P
116,Parassala,Thiruvananthapuram,others,,S Robinson E Nadar
116,Parassala,Thiruvananthapuram,others,BSP,Adv. Dhanuvachapuram Thankachan
116,Parassala,Thiruvananthapuram,others,,Shaju Paliyodu
117,Kattakada,Thiruvananthapuram,LDF,CPI(M),I. B. Satheesh
117,Kattakada,Thiruvananthapuram,UDF,INC,M. R. Baiju
117,Kattakada,Thiruvananthapuram,NDA,BJP,P. K. Krishnadas
117,Kattakada,Thiruvananthapuram,others,CPIML Liberation,Adv. Jayakumar Theertham
117,Kattakada,Thiruvananthapuram,others,BSP,Nobil M. D
118,Varkala,Thiruvananthapuram,LDF,CPI(M),V. Joy
118,Varkala,Thiruvananthapuram,UDF,INC,Varkala Kahar
118,Varkala,Thiruvananthapuram,NDA,BJP,Adv. Smitha Sundaresan
118,Varkala,Thiruvananthapuram,others,Anna DHRM,Vinod Elakamon
118,Varkala,Thiruvananthapuram,others,,Vivekanandan K
118,Varkala,Thiruvananthapuram,others,,Harikrishnan S G
118,Varkala,Thiruvananthapuram,others,,M. K. Kannan
118,Varkala,Thiruvananthapuram,others,BSP,Raju S Kottarakonam
118,Varkala,Thiruvananthapuram,others,,Säju
119,Attingal,Thiruvananthapuram,LDF,CPI(M),O. S. Ambika
119,Attingal,Thiruvananthapuram,UDF,RSP,Santhosh Bhadran
119,Attingal,Thiruvananthapuram,NDA,BJP,P. Sudheer
119,Attingal,Thiruvananthapuram,others,SDPI,Jayarajan M
119,Attingal,Thiruvananthapuram,others,BSP,S. Sujithra
119,Attingal,Thiruvananthapuram,others,Anna DHRM,Sunitha Kilimanoor
120,Vamanapuram,Thiruvananthapuram,LDF,CPI(M),D. K. Murali
120,Vamanapuram,Thiruvananthapuram,UDF,INC,Sudheer Sha Palode
120,Vamanapuram,Thiruvananthapuram,NDA,BDJS,Venu Karanavar
120,Vamanapuram,Thiruvananthapuram,others,BSP,Vipinlal V A
120,Vamanapuram,Thiruvananthapuram,others,,Muraleedharan G Nair
120,Vamanapuram,Thiruvananthapuram,others,Anna DHRM,Ratheesh R
121,Aruvikkara,Thiruvananthapuram,LDF,CPI(M),G. Steephen
121,Aruvikkara,Thiruvananthapuram,UDF,INC,V. S. Sivakumar
121,Aruvikkara,Thiruvananthapuram,NDA,BJP,Vivek Gopan
121,Aruvikkara,Thiruvananthapuram,others,,V. S. Sivakumar S/o Sivadasan
121,Aruvikkara,Thiruvananthapuram,others,,Adv. S. Sivakumar S/o Sadasivan
121,Aruvikkara,Thiruvananthapuram,others,,R. Steephen S/o Rafi
121,Aruvikkara,Thiruvananthapuram,others,BSP,Santhosh Kumar. S
122,Nedumangad,Thiruvananthapuram,LDF,CPI,G. R. Anil
122,Nedumangad,Thiruvananthapuram,UDF,INC,Meenankal Kumar
122,Nedumangad,Thiruvananthapuram,NDA,BJP,Yuvaraj Gokul
122,Nedumangad,Thiruvananthapuram,others,SDPI,Siyad Kandala
122,Nedumangad,Thiruvananthapuram,others,BSP,Sujilal B G
122,Nedumangad,Thiruvananthapuram,others,,Vembayam Yesudas
122,Nedumangad,Thiruvananthapuram,others,,Anvar Sadath
122,Nedumangad,Thiruvananthapuram,others,,Kumar
122,Nedumangad,Thiruvananthapuram,others,Anna DHRM,Shibu G
123,Vattiyoorkavu,Thiruvananthapuram,LDF,CPI(M),V. K. Prasanth
123,Vattiyoorkavu,Thiruvananthapuram,UDF,INC,K. Muraleedharan
123,Vattiyoorkavu,Thiruvananthapuram,NDA,BJP,R. Sreelekha
123,Vattiyoorkavu,Thiruvananthapuram,others,,Sreekantan Nair V
123,Vattiyoorkavu,Thiruvananthapuram,others,SUCI,Emil B.S
123,Vattiyoorkavu,Thiruvananthapuram,others,,Muralidharan. P S/o. K. Ponnan
123,Vattiyoorkavu,Thiruvananthapuram,others,BSP,N. Murali
123,Vattiyoorkavu,Thiruvananthapuram,others,,Prasanth. K S/o. Karunakaran.C
124,Thiruvananthapuram,Thiruvananthapuram,LDF,Independent (CPI(M) support),Sudheer Karamana
124,Thiruvananthapuram,Thiruvananthapuram,UDF,CMP,C. P. John
124,Thiruvananthapuram,Thiruvananthapuram,NDA,BJP,Karamana Jayan
124,Thiruvananthapuram,Thiruvananthapuram,others,AAP,Samin Sathyadas
124,Thiruvananthapuram,Thiruvananthapuram,others,,Suresh Kumar
124,Thiruvananthapuram,Thiruvananthapuram,others,BSP,Adv. Sen
124,Thiruvananthapuram,Thiruvananthapuram,others,SUCI,A Saboora
124,Thiruvananthapuram,Thiruvananthapuram,others,,Bindhu Menon L R
124,Thiruvananthapuram,Thiruvananthapuram,others,JRP,Karthika Devi M
124,Thiruvananthapuram,Thiruvananthapuram,others,,Manomohan
124,Thiruvananthapuram,Thiruvananthapuram,others,,P. K. Pradeep Kumar
125,Kazhakuttam,Thiruvananthapuram,LDF,CPI(M),Kadakampally Surendran
125,Kazhakuttam,Thiruvananthapuram,UDF,INC,T. Sarath Chandra Prasad
125,Kazhakuttam,Thiruvananthapuram,NDA,BJP,V. Muraleedharan
125,Kazhakuttam,Thiruvananthapuram,others,,Sreekantan Nair V.
125,Kazhakuttam,Thiruvananthapuram,others,BSP,T. S. Rajan
125,Kazhakuttam,Thiruvananthapuram,others,Anna DHRM,Deebika Karimanal
125,Kazhakuttam,Thiruvananthapuram,others,,K. Surendran
126,Nemom,Thiruvananthapuram,LDF,CPI(M),V. Shivankutty
126,Nemom,Thiruvananthapuram,UDF,INC,KS Sabarinathan
126,Nemom,Thiruvananthapuram,NDA,BJP,Rajeev Chandrasekhar
126,Nemom,Thiruvananthapuram,others,AAP,Vinu K
126,Nemom,Thiruvananthapuram,others,TFIP,Subi S M
126,Nemom,Thiruvananthapuram,others,,Kamaleswaram Hari
126,Nemom,Thiruvananthapuram,others,SUCI,Karamana Prasad
126,Nemom,Thiruvananthapuram,others,,Madanan S
126,Nemom,Thiruvananthapuram,others,,Rajeev Kumar G S
126,Nemom,Thiruvananthapuram,others,,Sasikala
9999,Chathannoor,Unknown,LDF,CPI,R. Rajendran
9999,Chirayinkeezhu,Unknown,LDF,CPI,Manoj B Edamana
9999,Eranad,Unknown,LDF,CPI,Shafeer Kizhisseri
9999,Kalpetta,Unknown,LDF,RJD,Anil Kumar K.P.
9999,Kanjirappally,Unknown,LDF,Kerala Congress (M),N. Jayaraj
9999,Karunagappally,Unknown,LDF,CPI,M. S. Thara
9999,Mananthavady,Unknown,LDF,CPI(M),O. R. Kelu
9999,Nilambur,Unknown,LDF,Independent (CPI(M) support),U. Sharafali
9999,Pala,Unknown,LDF,Kerala Congress (M),Jose K. Mani
9999,Ponnani,Unknown,LDF,CPI(M),M. K. Sakeer
9999,Puthuppally,Unknown,LDF,CPI(M),K. M. Radhakrishnan
9999,Sulthan Bathery,Unknown,LDF,CPI(M),M. S. Viswanathan
9999,Thrikkakara,Unknown,LDF,CPI(M),Pushpa das
9999,Vallikkunnu,Unknown,LDF,Independent (INL support),Adv. C. P. Musthafa
9999,Chathannoor,Unknown,UDF,INC,Sooraj Ravi
9999,Chirayinkeezhu,Unknown,UDF,INC,Ramya Haridas
9999,Eranad,Unknown,UDF,IUML,P. K. Basheer
9999,Kalpetta,Unknown,UDF,INC,T. Siddique
9999,Kanjirappally,Unknown,UDF,INC,Prof. Rony K. Baby
9999,Karunagappally,Unknown,UDF,INC,C. R. Mahesh
9999,Mananthavady,Unknown,UDF,INC,Usha Vijayan
9999,Nilambur,Unknown,UDF,INC,Aryadan Shoukath
9999,Pala,Unknown,UDF,DCK,Mani C. Kappan
9999,Ponnani,Unknown,UDF,INC,K. P. Noushad Ali
9999,Puthuppally,Unknown,UDF,INC,Chandy Oommen
9999,Sulthan Bathery,Unknown,UDF,INC,I. C. Balakrishnan
9999,Thrikkakara,Unknown,UDF,INC,Uma Thomas
9999,Vallikkunnu,Unknown,UDF,IUML,T. V. Ibrahim
9999,Chathannoor,Unknown,NDA,BJP,B. B. Gopakumar
9999,Chirayinkeezhu,Unknown,NDA,BJP,B. S. Anoop
9999,Eranad,Unknown,NDA,BJP,Adv. N. Sreeprakash
9999,Kalpetta,Unknown,NDA,BJP,Prasanth Malavayal
9999,Kanjirappally,Unknown,NDA,BJP,George Kurian
9999,Karunagappally,Unknown,NDA,BJP,V. S. Jithin Dev
9999,Mananthavady,Unknown,NDA,BJP,P. Shyam Raj
9999,Nilambur,Unknown,NDA,BDJS,Gireesh Mekkad
9999,Pala,Unknown,NDA,BJP,Shone George
9999,Ponnani,Unknown,NDA,BDJS,E. Maneesh
9999,Puthuppally,Unknown,NDA,BJP,Raveendranath Vakathanam
9999,Sulthan Bathery,Unknown,NDA,BJP,A. S. Kavitha
9999,Thrikkakara,Unknown,NDA,TTP,Akhil Marar
9999,Vallikkunnu,Unknown,NDA,BJP,M. Preman Master
9999,Chathannoor,Unknown,others,AAP,Arun A
9999,Chathannoor,Unknown,others,Anna DHRM,Sindhu Puthenkulam
9999,Chirayinkeezhu,Unknown,others,Anna DHRM,Anoop Alappuramkunnu
9999,Chirayinkeezhu,Unknown,others,BSP,Ramasamy Sasi
9999,Eranad,Unknown,others,SDPI,Yusuf Chemmala
9999,Eranad,Unknown,others,BSP,Krishnan Thachannan
9999,Eranad,Unknown,others,,Mujeeb Rahman
9999,Kalpetta,Unknown,others,,P. K. Anil Kumar
9999,Kalpetta,Unknown,others,AAP,Rafeek C A
9999,Kalpetta,Unknown,others,,Sidheeque S/o Kunjammad
9999,Kalpetta,Unknown,others,,T K Ummer
9999,Kalpetta,Unknown,others,CPIML Red Star,V. K. Prakash
9999,Kalpetta,Unknown,others,SDPI,N Hamza
9999,Kalpetta,Unknown,others,,Radhakrishnan M
9999,Kanjirappally,Unknown,others,BSP,Thampi Kavumpadam
9999,Karunagapally,Unknown,others,SUCI,Twinkle Prabhakaran
9999,Karunagapally,Unknown,others,SDPI,Latheef
9999,Nilambur,Unknown,others,AAP,Jaisal Maliyekkal
9999,Pala,Unknown,others,AAP,Rony Jose Nedumpallil
9999,Pala,Unknown,others,,C G Babu
9999,Pala,Unknown,others,BSP,Santhosh Nadoopparampil
9999,Pala,Unknown,others,,Santhosh Pulickal
9999,Ponnani,Unknown,others,SDPI,Anvar Pazhanji
9999,Ponnani,Unknown,others,,Noushadali
9999,Ponnani,Unknown,others,,Sageer M.K
9999,Ponnani,Unknown,others,,Sakkeer S/o Illyas
9999,Ponnani,Unknown,others,,Sakkeer S/o Muhammed
9999,Puthuppally,Unknown,others,BSP,Paul P Chacko
9999,Puthuppally,Unknown,others,,Rijomon Mathew
9999,Puthuppally,Unknown,others,JRP,Sabu Mylakkadan
9999,Sulthan Bathery,Unknown,others,AAP,Prakrithi N V
9999,Sulthan Bathery,Unknown,others,SUCI,V.A Ramesan
9999,Sulthan Bathery,Unknown,others,,Balakrishnan Edakkal
9999,Sulthan Bathery,Unknown,others,BSP,Benadict
9999,Sulthan Bathery,Unknown,others,,Rajesh R M
9999,Thrikkakara,Unknown,others,AAP,Jose George
9999,Thrikkakara,Unknown,others,SDPI,Aloysius Kollannur
9999,Vallikkunnu,Unknown,others,AAP,Abdul Azeez Kadalundi
9999,Vallikkunnu,Unknown,others,,Muhamed Musthafa Pamangadan
9999,Vallikkunnu,Unknown,others,,Muhammed Aslam V P
